name,count
Quiet Disrepair,1
Frenzied Geistblaster,1
"Jor Kadeen, First Goldwarden",4
Gatebreaker Ram,1
Scour the Desert,4
Chivalric Alliance,1
Shadow Prophecy,3
Shipwreck Looter,3
Spectacular Skywhale,2
"Sorin, Solemn Visitor",3
Peek,2
Entomber Exarch,2
Crypt of the Eternals,4
Charforger,3
Rushing-Tide Zubera,1
"Koma, Cosmos Serpent // Koma, Cosmos Serpent",2
"Gale, Conduit of the Arcane",2
"Balmor, Battlemage Captain",4
"Koll, the Forgemaster",4
Inkshape Demonstrator,3
Era of Innovation,3
Spike Weaver,3
Primitive Etchings,2
Builder's Bane,1
Compy Swarm,4
Serra Angel Avatar,3
"Celes, Rune Knight",2
Showdown of the Skalds,4
"Iron Fist, Hero for Hire",2
"Cecil, Dark Knight // Cecil, Redeemed Paladin",3
"Tolsimir, Midnight's Light",2
"Baral, Chief of Compliance",1
Subterfuge,4
"Jack of Hearts, Volatile Hero",1
Courser of Kruphix,2
Wilderness Elemental,3
Refreshing Elixir,3
Heartless Pillage,4
Wrinkly Monkey Shenanigans,2
Gran-Gran,1
Cosmic Crucible,2
Merrow Skyswimmer,1
The Wandering Emperor,3
Trostani's Judgment,3
Mysterious Tome // Chilling Chronicle,1
Investigator's Journal,2
Stormscale Wurm,2
Heartfire Immolator,1
Deathgreeter,4
Undying Rage,1
Lightshell Duo,2
Bedlam Reveler,4
Graverobber Spider,2
Brain Pry,1
Rolling Stones,1
Goblinslide,4
Dora Milaje Elite,4
"Rona, Sheoldred's Faithful",4
Riku and Riku,1
"Emry, Lurker of the Loch",1
Treasured Find,1
"Teferi, Time Raveler",1
Nesting Bot,2
Divine Congregation,3
Sol'Kanar the Tainted,2
"Teferi, Who Slows the Sunset",3
Soul of Windgrace,3
Deadly Allure,2
Baxter Stockman,1
Rofellos's Gift,2
A-Skemfar Avenger,4
Gerrard's Verdict,3
Soulblade Djinn,1
Roilmage's Trick,3
Valakut Exploration,2
Ashnod's Harvester,4
Navigator's Compass,3
Invading Manticore,2
Chrome Courier,1
Expose Evil,2
"Feather, the Redeemed",2
"Ral, Izzet Viceroy",3
Diabolic Intent,1
Warehouse Tabby,4
"Runo Stromkirk // Krothuss, Lord of the Deep",2
Gisa's Favorite Shovel,1
Maul of the Skyclaves,4
"Kitsa, Otterball Elite",4
Predator's Howl,1
Careless Celebrant,3
Palantír of Orthanc,3
Seize the Storm,3
Mnemonic Wall,3
Gorbag of Minas Morgul,3
Change of Fortune,1
"Monica Rambeau // Photon, Living Light",3
"Ambergris, Agent of Progress",3
Parallel Thoughts,4
Dragon Typhoon,2
Electric Revelation,2
Struggle for Project Purity,2
Marble Chalice,4
Elite Guardmage,1
Shamanic Revelation,2
Lucky the Pizza Dog,1
Mystic Denial,1
Desolate Lighthouse,2
Chambered Nautilus,2
Grizzled Angler // Grisly Anglerfish,1
Mystic Mischief,2
The Archenemy's Charm,3
Ghost Lantern // Bind Spirit,1
Armed with Proof,4
Spiked Pit Trap,3
Repeated Reverberation,3
"Zurzoth, Chaos Rider",2
Perennial Gravewarden,2
Ticket Booth // Tunnel of Hate,2
Kefnet the Mindful,1
Pride Sovereign,3
Thieving Otter,3
Redrock Sentinel,1
Garruk Wildspeaker,4
Ghitu Chronicler,3
Library of Leng,2
Magnus the Red,3
"Tolabow, Loch Rascal",3
Necrotic Fumes,2
Erdwal Ripper,2
Knockout Blow,2
"Imoen, Wise Trickster",2
"Talrand, Sky Summoner",4
Fallaji Excavation,4
Thancred Waters,3
Family's Favor,3
Idol of Oblivion,3
Sentinel Sarah Lyons,3
Case of the Crimson Pulse,3
Tempest Efreet,4
The Modern Age // Vector Glider,4
Tempest Technique,3
"Ajani, Caller of the Pride",4
"Ayli, Eternal Pilgrim",3
Ravenous Daggertooth,2
Relic of Legends,3
Alchemist's Assistant,1
Bitter Chill,3
Mage Slayer,4
Jeskai Student,3
Talent of the Telepath,3
Curse of Surveillance,1
Lucky Clover,1
Rolling Hamsphere,1
Lunatic Pandora,3
Jeskai Monument,3
"Goldbug, Humanity's Ally // Goldbug, Scrappy Scout",1
Spreading Insurrection,3
Deliberate,3
Goblin Instigator,2
C.A.M.P.,2
Voracious Fell Beast,3
Sphinx's Disciple,4
The Wilds,1
Spellrune Painter // Spellrune Howler,3
Vigorous Charge,4
Devouring Swarm,1
Intuition,2
Guarded Heir,4
Dermotaxi,2
Gríma Wormtongue,3
"Black Bolt, Inhuman King",3
Hearth Elemental // Stoke Genius,4
Bumi's Feast Lecture,1
Sudden Strength,2
Hour of Defeat,4
Secret Rendezvous,4
Scroll of the Masters,3
Screeching Drake,2
Encroaching Dragonstorm,4
Echoing Boon,1
Repentant Vampire,2
South Pole Voyager,4
Spit Flame,2
Dance of the Dead,3
Beetleback Chief,2
Griselbrand,3
Complaints Clerk,3
I Am Iron Man,4
Geistwave,4
"Fixer, Techno Terror",3
"Raph & Mikey, Troublemakers // Raph & Mikey, Troublemakers",4
Robe of the Archmagi,1
Vault Skirge,4
Diabolical Salvation,2
Sharuum the Hegemon,4
Spider Spawning,2
Potion of Healing,1
Geist of Regret,2
Stormscape Master,1
Time Spiral,1
Time Reaper,4
Zimone's Homework,4
Eager First-Year,3
Panicked Bystander // Cackling Culprit,4
Ichor Synthesizer,2
A-Leyline of Resonance,3
Aven Heartstabber,4
Rushing-Tide Zubera,2
Dream Beavers,3
"Ambergris, Agent of Destruction",2
Elemental Eruption,4
The Spirit Oasis,1
Hooded Blightfang,1
"Icingdeath, Frost Tyrant",1
Chainer's Edict,1
Ahriman,3
Suspicious Stowaway // Seafaring Werewolf,4
Namor the Sub-Mariner,4
"The Mechanist, Aerial Artisan",3
Chalk Outline,3
Barrow Witches,2
I Am Never Alone,3
"Minsc & Boo, Timeless Heroes",3
Rabid Attack,3
Bighorner Rancher,3
Let's Play a Game,4
Rofellos,2
Midnight Snack,2
Blackcleave Cliffs,4
Time Reversal,1
"Jor Kadeen, First Goldwarden",2
Forum of Amity,4
Decaying Soil,1
Ox of Agonas,3
Piercing Exhale,3
Piercing Exhale,2
Witch's Mark,1
"Kiora, the Rising Tide",3
"Brinelin, the Moon Kraken",3
Pyretic Charge,4
Professional Face-Breaker,3
Demonic Consultation,1
All-Fates Scroll,2
Velomachus Lorehold,2
"Gale, Waterdeep Prodigy",2
Punchcard // Punchcard,3
"Tombstone, Career Criminal",2
Progenitor Exarch,2
Unleash the Inferno,2
"Kirri, Talented Sprout",3
Psychic Frog,2
Witherbloom Pledgemage,2
Ogre-Head Helm,1
Archival Whorl,3
"Varina, Lich Queen",3
Suffer the Past,4
"Umaro, Raging Yeti",3
"Thanos, Death's Consort",2
"Abdel Adrian, Gorion's Ward",4
Once More with Feeling,4
Friendly Ghost,4
Drown in Filth,1
Runehorn Hellkite,3
Hopeful Vigil,3
"Rusko, Clockmaker",4
Panglacial Shinobi,2
Murmuring Mystic,3
Flurry of Wings,1
Etched Familiar,2
"Lily Bowen, Raging Grandma",2
Terisiare's Devastation,4
Diamond Valley,1
Enigma Drake,3
Pest,1
Stoic Grove-Guide,4
Wispmare,3
Case the Joint,3
Evil Boros Charm,4
Compulsory Rest,1
Crocodile of the Crossing,2
"Oko, Shadowmoor Scion Emblem",3
Skarrgan Firebird,2
"Havi, the All-Father",2
Sorceress's Schemes,1
Artist's Talent,3
Reflective Rimekin,4
A-Druidic Ritual,1
Convalescent Care,1
Mosswood Dreadknight // Dread Whispers,3
The Crystal's Chosen,1
Whispers of the Muse,1
Glacier Godmaw,1
"Oko, Thief of Crowns",1
Rix Maadi Reveler,1
Team Tactics,1
Brilliant Plan,4
Marrow-Gnawer,3
Riku of Two Reflections,2
Miracle Worker,1
Avatar Destiny,2
"Chandra, Flame's Catalyst",1
Rope,2
"Abian, Luvion Usurper",2
Galvanic Relay,1
Dora Milaje Elite,1
A-Revel Ruiner,4
Y'shtola Rhul,1
Ecstatic Electromancer,3
Mortal Combat,1
Dawn of Hope,1
Summon: Esper Valigarmanda,2
Enduring Tenacity,2
Johann's Stopgap,1
"Speed, Young Avenger",1
Personal Decoy,4
Bedlam Reveler,1
"Chulane, Teller of Tales",4
Crumb and Get It,3
Ambitious Augmenter,4
Haunting Apparition,3
"Greven, Predator Captain",1
"Bane, Lord of Darkness",2
Storm King's Thunder,1
Mercurial Geists,2
Sphinx Sovereign,2
Inquisitor Eisenhorn,3
Adventurous Eater // Have a Bite,3
Fiendslayer Paladin,2
"Krang, Master Mind",4
Krovod Haunch,1
Kraken's Eye,2
"Ambergris, Agent of Tyranny",4
"Songbird, Sonic Screamer",3
Krovikan Horror,2
Plague Nurse,2
Opaline Sliver,4
Doom Foretold,2
"Codie, Vociferous Codex",3
"Teferi, Timebender",3
Svyelun of Sea and Sky,2
Mysidian Elder,4
Emeria Angel,2
"Patriot, Young Avenger",2
Filigree Fracture,2
Ezuri's Predation,1
North Pole Research Base,3
Liliana the Repentant,4
Conduit Pylons,4
Scattershot,2
"Avatar Roku, Firebender",2
"Ambergris, Agent of Law",3
Sunseed Nurturer,2
Hooded Assassin,4
Flawless Forgery,2
Loxodon Hierarch,2
Ceaseless Conflict,2
"Sophina, Spearsage Deserter",2
Grave-Shell Scarab,4
Protective Parents,2
Blaring Recruiter,3
Raptor Hatchling,1
"Ty Lee, Artful Acrobat",1
Eye of Ojer Taq // Apex Observatory,1
"Flubs, the Fool",4
Scute Swarm,3
Efreet Flamepainter,3
Brine Comber // Brinebound Gift,4
Broadcast Rambler,4
Rotfeaster Maggot,4
Borrowed Knowledge,3
Rabaroo Troop,1
Dr. Eggman,4
Batterbone,3
Dovin's Acuity,4
Artist's Talent,2
A-Skull Skaab,2
Flash Photography,4
Taught by Bruce Tarl,2
Deepwood Tantiv,2
Avatar Destiny,4
Temple Acolyte,2
Rune of Flight,2
"Gale, Storm Conduit",3
Ineffable Blessing,3
Archaeomancer,3
Lat-Nam's Legacy,4
Line Cutter,4
Chancellor of the Dross,2
Accident-Prone Apprentice // Amphibian Accident,3
Carrionette,1
Laquatus's Disdain,2
Return from Extinction,2
Behemoth of Vault 0,3
The Sound of Drums,2
Sky Scourer,1
Wire Surgeons,3
"Tezzeret, Master of the Bridge",3
Kree Commandos,3
Pigment Wrangler // Striking Palette,3
Evolution Witness,3
A-Elderfang Ritualist,2
Lord Windgrace,2
Dwarven Scorcher,3
"Urabrask, Heretic Praetor",3
Gingerbrute,3
Scheming Silvertongue // Sign in Blood,4
Scroll of the Masters,3
Depose // Deploy,4
"Jace, Mirror Mage",1
"Aesi, Tyrant of Gyre Strait",2
"Wiccan, Rising Magician",4
Batterbone,4
Mortarpod,3
Chrome Host Seedshark,4
Vegetation Abomination,4
Nibelheim Aflame,2
Transpose,1
Ghost Council of Orzhova,3
Phantasmal Shieldback,2
Angel of Invention,1
Churning Reservoir,4
Foreboding Fruit,2
Highspire Artisan,2
Snake // Zombie,4
Mind's Desire,3
"Ajani, Caller of the Pride",4
Fire Lord Ozai // Fire Lord Ozai,3
"War Machine, Legacy of Iron",1
Estinien Varlineau,1
Greenwarden of Murasa,3
Saiba Syphoner,2
Progenitus,4
Pterafractyl,1
Heartless Pillage,4
Fungal Rebirth,1
"Gohn, Town of Ruin",1
Wei Ambush Force,1
Ovalchase Daredevil,2
Crow Storm,1
The Weatherseed Treaty,4
Fell Shepherd,3
"Denry Klin, Editor in Chief",4
Invasion of Ergamon // Truga Cliffcharger,2
Discerning Financier,4
Rocky Roads,3
Mighty Servant of Leuk-o,1
"Professor Zei, Anthropologist",2
"Raff, Weatherlight Stalwart",1
Manaform Hellkite,1
Black Market,3
Wall of Kelp,2
"Liliana, the Last Hope Emblem",4
Hollowhenge Overlord,3
Conviction,2
Rimewall Protector,4
Mutual Epiphany,3
Manaform Hellkite // Manaform Hellkite,3
Dunes of the Dead,2
"Calix, Guided by Fate",2
Ninja of the Deep Hours,4
Kingfisher,3
Fugitive Codebreaker,1
Leonin Squire,1
Thoughtcutter Agent,3
Walking Dream,2
A-Emerald Dragon // A-Dissonant Wave,1
Sefris of the Hidden Ways,1
Angel of Unity,2
Summitfest Closing Ceremony,1
"T'Chaka, Venerable King",4
Angelic Renewal,1
Noble Purpose,4
Valkyrie Harbinger,1
Baron Helmut Zemo,1
Mass Production,1
Indrik Umbra,3
Siege-Gang Commander,2
Glacierwood Siege,3
Dauthi Mindripper,4
Folk Hero,2
Hunting Pack,1
Orochi Soul-Reaver,3
Rapacious Dragon,4
Eagle of Deliverance,3
Winds of Rebuke,3
Unagi's Spray,4
"Chandra, Hope's Beacon",3
"Teysa, Opulent Oligarch",3
Chakra Meditation,1
Katilda and Lier,4
Dromad Purebred,1
"Annie Flash, the Veteran // Annie Flash, the Veteran",4
Requiem Monolith,1
Golgari Findbroker,4
Altaïr Ibn-La'Ahad,1
Markov Purifier,1
"Kellan, Daring Traveler // Journey On",1
Survival Cache,2
"Jace, the Living Guildpact",3
"Gwafa Hazid, Profiteer",2
Caretaker's Talent,1
Bag End Banquet,2
Archmage Emeritus,3
Seize Opportunity,1
Lurking Roper,3
Manifestation Sage,2
Temporal Fissure,1
"Polukranos, Unchained",4
Melded Moxite,4
Noggle Robber,2
Wheel of Fortune,2
Dark Dabbling,2
Arcane Bombardment,1
Benalish Heralds,1
Phyrexian Fleshgorger,1
Triumph of Ferocity,3
Crown of Awe,4
Crystal Rod,3
"Prossh, Skyraider of Kher",3
Necromantic Thirst,2
Heretic's Punishment,3
Illustrious Historian,1
Chronomaton,1
Deep Forest Hermit,4
Lord of the Nazgûl,2
Lore Drakkis,2
Bloodline Necromancer,4
Ground Rift,3
Will of the Abzan,1
Aerith Gainsborough,1
Aether Herder,3
Resurgent Belief,1
Gremlin Tamer,2
Moonlit Wake,2
Nemesis of Mortals,4
"Loran, Disciple of History",4
Teach by Example // Teach by Example,4
Elvish Reclaimer,4
Vermin Gorger,3
Soldier On,3
"Myrel, Shield of Argive",2
Psychic Vortex,4
Protective Parents,2
Horizon Chimera,3
The Fact Checker,1
Mischievous Quanar,2
Horizon Spellbomb,4
"Gwaihir, Greatest of the Eagles",2
Timetwister,4
"Vohar, Vodalian Desecrator",1
Underworld Sentinel,3
Grave Strength,4
Liliana's Elite,1
Shoreline Looter,1
Strixhaven,4
The Cave of Skulls,1
Scour the Scene,3
Lost Isle Calling,2
Sludge Strider,3
Lethal Protection,1
Emergency Powers,3
Crystal Rod,4
Boggart Mischief,1
Baral and Kari Zev,2
Daily Bugle Newspaper,2
Insufferable Balladeer,3
Dawnhand Eulogist,1
Guardian of Cloverdell,3
Hoarder's Greed,4
The Blue Spirit,2
Sanguine Brushstroke,2
Wind-Scarred Crag,4
Pincer Spider,1
Stone-Tongue Basilisk,2
Ob Nixilis of the Black Oath,2
Charmed Clothier,4
Silver-Fur Master,2
Harmonic Sliver,2
Primeval Bounty,4
Devourer of Memory,3
Sunspine Lynx,1
"Zada, Hedron Grinder",4
Primal Amulet // Primal Wellspring,1
Inventive Iteration // Living Breakthrough,3
Rumbling Rockslide,4
"Rootha, Mastering the Moment",3
Ninja Pizza,1
Leaves from the Vine,4
Sword of Once and Future,1
Soul-Scar Mage,1
Peace of Mind,3
Chamber Sentry,1
Pyrostatic Pillar,2
Blood for the Blood God!,3
Heartless Pillage,2
Goblin Wizard,2
"Mysterio, Master of Illusion",3
Silverquill Apprentice,1
"Tippy-Toe, Terrific Partner",2
Silent-Blade Oni,2
Reforge the Soul,4
Gremlin Tamer,3
Dungeon of the Mad Mage,4
Grave-Shell Scarab,3
Naktamun Lorespinner // Wheel of Fortune,3
Oath of Scholars,1
Blood Hustler,1
"Krenko, Baron of Tin Street",2
Riot Control,1
Shang-Chi and the Ten Rings,4
"Meet and Greet ""Sisay""",1
Dauntless Scrapbot,3
Jeska's Will // Jeska's Will,2
Grell Philosopher,4
Burning Prophet,2
Bortuk Bonerattle,1
Baithook Angler // Hook-Haunt Drifter,4
Sunken Palace,4
Soldevi Sage,2
Thopter Engineer,2
Folk Medicine,1
Devastating Mastery,3
"Brigid, Hero of Kinsbaile",1
Charmbreaker Devils,1
Lorehold Command,1
Elderfang Disciple,3
The Revelations of Ezio,3
Tamiyo's Epiphany,3
Azra Oddsmaker,2
"Invasion of Theros // Ephara, Ever-Sheltering",4
Confessor,2
Thornplate Intimidator,3
Thallid Germinator,2
Mutalith Vortex Beast,4
Spore Swarm,2
Entomb,1
Rapid Prototyper,2
The Walls of Ba Sing Se,2
Spiny Starfish,1
Jin-Gitaxias // The Great Synthesis,3
Glint-Sleeve Artisan,2
Gunner Conscript,3
Anchovy & Banana Pizza,3
Recross the Paths,1
Plated Pegasus,2
Tax Draw,1
Coal Hill School,2
Departed Deckhand,3
Carrot Cake,4
Fiery Encore,3
"Sivriss, Nightmare Speaker",4
Didact Echo,3
Hungry for More,4
Springing Tiger,3
Certain Death,2
Vermin Gorger,3
Primetime Suspect,1
Moonshadow,4
Soulstinger,4
A-Glittermonger,1
Petrified Field,3
Molten-Core Maestro,1
Echo Mage,1
Torch the Witness,3
Spellgyre,1
"Night Nurse, Healer of Heroes",3
Hellion Crucible,4
Intangible Virtue,4
Broadcast Takeover,2
"Orvar, the All-Form",3
Bloodline Keeper // Bloodline Keeper,2
Dosan's Oldest Chant,4
Elegant Entourage,3
Radagast the Brown,2
Loki Laufeyson,2
Molten Impact,2
Kami of Restless Shadows,3
Squirrel Nest,4
Faithless Salvaging,1
"Valduk, Keeper of the Flame",4
Bankrupt in Blood,3
"Lae'zel, Wrathful Warrior",1
Tenured Concocter,2
Kallist Rhoka,2
Lifeblood Hydra,2
Eelectrocute,4
"Red Ghost, Intangible Genius",2
Mask,1
Pious Warrior,3
Throne of the Grim Captain // The Grim Captain,2
Dimir Guildmage,4
Darksteel Plate,4
Emblazoned Golem,3
Shoreline Ranger,4
Fascination,2
"Tellah, Great Sage",1
Moldervine Cloak,3
Protection of the Hekma,2
Entomb,1
"Ozox, the Clattering King",3
Fruit of the First Tree,4
Thancred Waters,2
Windfall,1
Mutant's Prey,4
Sentinel's Eyes,4
Desperate Ravings,2
"Johann, Apprentice Sorcerer",3
Hylda of the Icy Crown,3
"Vishgraz, the Doomhive",4
"Iron Man, Titan of Innovation",2
Kindlespark Duo,2
Invasion of Regatha // Disciples of the Inferno,3
Alchemist's Talent,3
Cyclopean Tomb,2
Vault 21: House Gambit,2
"Mu Yanling, Wind Rider",2
Flooded Shoreline,3
Dangerous Wager,1
Confounding Riddle,4
Tireless Provisioner,1
Resistance Skywarden,4
Salvage Drone,4
Undercity Eliminator,2
Well-Read,4
Headless Rider,1
Renegade Bull,1
Goblin Sky Raider,2
Marionette Master,2
Intrepid Paleontologist,1
Elspeth Tirel,4
Riddleform,1
Centaur Courser,3
"Clive, Ifrit's Dominant // Ifrit, Warden of Inferno",1
Chelonian Tackle,3
Patrician Geist,3
Cultivate // Cultivate,4
Lambholt Pacifist // Lambholt Butcher,2
Valakut Exploration,4
Thalia's Geistcaller,1
Adaptive Training Post,1
Sheoldred's Assimilator,3
Gibbering Fiend,4
Pious Interdiction,1
Salvation Swan // Salvation Swan,3
"Thurid, Mare of Destiny",4
Leech Medic,3
Samwise the Stouthearted,2
Extraction Specialist,4
Chaotic Strike,3
Laid to Rest,1
Wing Shards,1
"Yuna, Grand Summoner",2
Dazzling Theater // Prop Room,4
"Otharri, Suns' Glory",4
"Urza, Planeswalker",3
Moment of Reckoning,4
Mire Triton,4
"Okina, Temple to the Grandfathers",3
Hydro-Channeler,4
Relearn,3
"Ziatora, the Incinerator",3
Liliana's Elite,3
Sandcloud Harbinger,3
Obelisk of Alara,1
Myr Retriever,1
Nim Grotesque,2
Huntmaster of the Fells // Ravager of the Fells,1
Arashin Cleric,1
Mirror Image,4
The Biblioplex,2
A-Blood Artist,2
Underworld Breach,4
Hangarback Assembler,4
Deceptive Divination,1
Tapping at the Window,2
Archangel of Wrath,3
Narset of the Ancient Way Emblem,3
Sensation Gorger,3
Knollspine Dragon,2
Sedgemoor Witch,1
Pounce,4
Living Lightning,2
Owlin Historian,2
Sanguine Brushstroke,2
Dance of the Manse,4
"Alquist Proft, Master Sleuth",4
Gurgling Anointer,1
Up the Beanstalk,1
Spirit of Malevolence,2
"Aeve, Progenitor Ooze",4
Naktamun,1
Start the TARDIS,3
Gifted Aetherborn,1
Clinquant Skymage,1
"Sisay, Weatherlight Captain",2
Symmetry Sage,1
Aetherflux Reservoir,4
Thallid Soothsayer,2
"Vitu-Ghazi, the City-Tree",4
Battlewing Mystic,1
Scrying Glass,4
Roiling Horror,4
Provisions Merchant,2
Wind-Scarred Crag,3
Embalmed Ascendant,4
Pillardrop Warden,4
Lava-Field Overlord,3
Very Cryptic Command,3
Counterpoint,1
Hurkyl's Final Meditation,4
Warping Wurm,3
"Gorma, the Gullet",1
Candlegrove Witch,1
Unlawful Entry,4
Krile Baldesion,3
"Glarb, Calamity's Augur",3
Dragon Fangs,2
"Sorin, Lord of Innistrad",2
Visions of Phyrexia,1
Asinine Antics,4
M.O.D.O.K.,3
Phyrexian,3
"Mikaeus, the Unhallowed",3
Tel-Jilad Chosen,2
Soul's Grace,4
Avacyn's Collar,4
Memory's Journey,3
Taste of Blood,2
Gelatinous Genesis,4
Boulderbranch Golem,3
"Alirios, Enraptured",2
Mine Worker,4
Harvest Wurm,1
Blood Host,1
"Vazi, Keen Negotiator",3
Howl of the Horde,3
Potioner's Trove,1
"Ormos, Archive Keeper",2
Tezzeret's Gambit,4
TVA Bureaucrat,3
Thought Prison,1
Niblis of Dusk,2
Double Vision,2
"Ketramose, the New Dawn",1
"Thrasios, Triton Hero",1
Strutting Turkey,4
Cyclops Superconductor,1
Cast into Darkness,4
Surge of Brilliance,3
Cavalier of Flame,3
Angelic Sell-Sword,2
Opal Palace // Opal Palace,1
Clockwork Fox,4
Head to Head,3
Spawning Kraken,4
Skystrike Officer,1
Cabal Archon,3
"Eshki, Temur's Roar",3
Sifter Wurm,4
Riddleform,2
Esper Charm,4
Buzz Bots,4
Angel of Mercy,2
Bloated Processor,3
Fallowsage,2
"Gollum, Riddle Master",3
"Immortus, Master of Eternity",3
Pack Rat,1
Massacre Wurm,2
Giant Mana Cake,2
Staff of the Storyteller,4
Karok Wrangler,4
Dr. Madison Li,4
"Rikku, Resourceful Guardian",4
Fleshpulper Giant,1
Campfire,2
Underworld Breach,3
Tend the Pests,4
Alchemist's Talent,3
Graf Mole,3
Dazzling Lights,1
Umara Entangler,2
Devouring Greed,4
Ornery Goblin,1
Spellchain Scatter,3
Giant Opportunity,2
Distracted Botanist,1
"Celes, Rune Knight",4
Sphinx of Magosi,3
Elemental Mascot,1
Brilliant Halo,4
Thoughtcutter Agent,4
Katerina of Myra's Marvels,1
Asylum Visitor,2
Circle of Affliction,2
Final Payment,2
Shared Trauma,1
"Kitsa, Otterball Elite",4
Raging Spirit,2
Baloth Cage Trap,3
Dark Offering,4
Dragon-Style Twins,1
Xathrid Necromancer,2
Ignis Scientia,2
Pinnacle Starcage,4
Rogues' Gallery,4
Ruthless Radrat,3
A-Circuit Mender,4
Shamble Back,2
Rings of Brighthearth,4
Prismari Pianist,3
Bloodfell Caves,1
Stormshriek Feral // Flush Out,1
Squirrel Stack,2
Winding Constrictor,3
"Oskar, Rubbish Reclaimer",1
Visions of Beyond,1
Glimpse of Freedom,3
In the Darkness Bind Them,3
"Lutri, the Spellchaser",1
"Jaya, Fiery Negotiator",2
Boulder Jockey,2
Spinerock Tyrant,4
Fluxcharger,2
Woodland Bellower,1
Camera Launcher,3
Glint-Sleeve Artisan,3
Circuit Mender,1
Sturdy Hatchling,3
Rat Out,3
Color Pie,1
Monk,1
Tribute to Hunger,2
Kjeldoran Gargoyle,3
Colossal Whale,2
"Freyalise, Llanowar's Fury",3
"Meet and Greet ""Sisay""",2
See Double,3
Urza's Hot Dog Stand,3
"Erebos, God of the Dead",4
Maestros Theater,3
Auntie's Snitch,4
Surge of Thoughtweft,2
Draconautics Engineer,3
"Tolsimir, Friend to Wolves",2
Evolution Witness,2
"Captain Howler, Sea Scourge",1
Radiant Scrollwielder,1
Stalking Tiger Avatar,4
Paradise Plume,2
Mordor on the March,3
Battle Screech,2
Diluvian Primordial,2
Cursecatcher,1
Ethereal Forager,1
Hinterland Chef,4
Michiko's Reign of Truth // Portrait of Michiko,1
Jeskai Elder,3
Glimpse the Impossible,1
Mirrorpool,2
Essence of Orthodoxy,1
Ancestral Blade // Ancestral Blade,1
Descendant of Masumaro,4
Sygg's Command,4
Rapacious Guest,4
"Helmut Zemo, Mastermind",1
Rite of the Moth,3
Adorned Pouncer,4
Enduring Friendship,2
Zof Shade,2
Liminal Hold,4
"Thor, God of Thunder",3
"Kitsa, Otterball Elite",1
Forcemage Advocate,1
Omnispell Adept,4
Golden Egg,3
"Starscream, Power Hungry // Starscream, Seeker Leader",3
Skyclave Cleric // Skyclave Basilica,2
Jace's Mindseeker,3
Sly Requisitioner,4
Death to Our Enemies,1
"Edric, Spymaster of Trest",1
Double Vision,4
Deadly Grub,1
Born to Drive,2
Flare of Duplication,1
Spectrox Mines,4
Imperial Blademaster,3
Spawning Kraken,3
"Ambergris, Agent of Balance",4
"Aragorn, the Uniter",4
Nearheath Chaplain,1
Twisted Spider-Clone,1
Nadier's Nightblade,3
Pale Rider of Trostad,4
Amateur Hero,1
Descend upon the Sinful,4
"Jon Irenicus, the Exile",3
Chandra Ablaze,4
Izzet Steam Maze,4
The Ten Rings,3
"Gilgamesh, Master-at-Arms",1
Infesting Radroach,4
Featherbrained Filcher,3
"Ambergris, Citadel Agent",2
Markov Crusader,2
"Garnet, Princess of Alexandria",1
Electrostatic Field,1
"Liliana, Untouched by Death",2
Charismatic Conqueror,4
Maestros Confluence,3
Broodspinner,3
Game Plan,2
Yellow Scarves General,4
Frenzied Devils,4
Moonlit Wake,1
Magmatic Galleon,1
"Desdemona, Freedom's Edge",2
Elsha of the Infinite,4
Morsel Theft,3
Cloaked Cadet,4
School Daze,3
Swallowed by Leviathan,4
Pond Prophet,3
Relic Amulet,3
"Iron Man, Armored Avenger",4
Moonshadow,1
Into the Night,3
"Chatzuk, Mighty Guitarist",1
Limitless Rekindling,4
"Half-Orc, Half-",2
Vigorbloom Vanguard // Seed Suture,3
Forgotten Lore,1
Peach Garden Oath,4
Lava Dart,3
Face to Face,3
Voracious Brood,4
Overgrown Farmland // Overgrown Farmland,3
Maul of the Skyclaves,4
Ambulatory Edifice,4
Breathe Your Last,3
Pink Horror,3
Woe Strider,2
The Bearded Teakeeper,4
Scampering Scorcher,2
Wretched Doll,4
Scandalmonger,1
Vampire Nighthawk,4
I Call for Slaughter,1
Pyre Hound,4
Voracious Fell Beast,3
Redwood Treefolk,2
"Goldberry, River-Daughter",3
"Taii Wakeen, Perfect Shot",4
Commit // Memory,4
Dragon Bell Monk,3
"Camellia, the Seedmiser",1
Bard the Bowman,3
Cactarantula,2
Aquatic Alchemist // Bubble Up,1
"Stiltzkin, Moogle Merchant",4
Academy Wall,3
Back on Track,1
"Moku, Meandering Drummer",1
Strandwalker,3
Gravebreaker Lamia,2
Cemetery Reaper,3
Hatching Plans,1
Undergrowth Stadium,1
Gemini Engine,1
"Toph, Hardheaded Teacher",3
A-Revel Ruiner,3
Sokenzan Smelter,4
Pulse of the Grid,3
A-Spell Satchel,1
"Tomik, Wielder of Law",2
Tempest Trapper,4
Sarulf's Packmate // Sarulf's Packmate,4
"Electro, Assaulting Battery",4
Apex of Power,4
Windbrisk Raptor,2
Ob Nixilis of the Black Oath Emblem,2
Eyes of the Watcher,4
Mordor on the March,2
Benalish Heralds,4
Hymn of the Wilds,2
Tramway Station,1
Loxodon Surveyor,3
Mind's Desire,3
Welcome to Sweettooth,4
Nightmare's Thirst,1
Regeneration,4
School Daze,1
The Scarlet Witch,1
Elturel Survivors,2
Triumph of Saint Katherine,4
Maestros Ascendancy,2
Curious Herd,3
Fevered Strength,1
Enigma Eidolon,3
Ojutai's Command,3
"Geralf, Visionary Stitcher",4
Bloodline Keeper // Bloodline Keeper,3
Questionable Cuisine,1
Ezzaroot Channeler,3
"Nissa, Nature's Artisan",3
Brain in a Jar,1
Cloud of Darkness,4
"Oji, the Exquisite Blade",1
Sanctify,2
Melancholic Poet,4
Dracogenesis,2
Inkling Mascot,2
Agoraphobic Phyrexian,2
"Prismari, the Inspiration",2
"Leonardo, Cutting Edge",4
Wandering Champion,1
Benalish Sleeper // Benalish Sleeper,2
"Aminatou, Veil Piercer",1
Wildfire Awakener,2
Sorcerer Class,3
Witching Well,3
Dragon Roost,4
"Melek, Izzet Paragon",1
"Dihada, Binder of Wills",3
Manifold Mouse,4
"Teferi, Mage of Zhalfir",4
Trawler Drake,4
"Raffine, Scheming Seer",3
Queen's Bay Paladin,1
Bar the Door,2
Dr. Madison Li,3
"Brass's Tunnel-Grinder // Tecutlan, the Searing Rift",3
Empty the Pits,2
Heroes' Reunion,3
Jared Carthalion,1
Tamanoa,2
Contested Game Ball,3
"Lu Su, Wu Advisor",1
Saruman of Many Colors,4
Abandon the Post,3
Loyal Drake,3
Sultai Banner,3
Custodi Squire,3
Teferi's Talent Emblem,1
Patriarch's Desire,2
Mask of Immolation,1
"Loki, the Deceiver",1
"Teysa, Orzhov Scion Avatar",3
Wavesifter,1
Deeproot Historian,2
Essence Extraction,2
"Jerren, Corrupted Bishop // Ormendahl, the Corrupter",4
Charging Rhino,4
Sea God's Scorn,4
Tramway Station,4
All Suns' Dawn,1
Arachnogenesis,2
Viashino Racketeer,1
Erebos's Emissary,1
Gelectrode,1
Key to the City,4
Soulcoil Viper,4
Gauntlet of Power,4
Power Without Equal,3
"Garna, Bloodfist of Keld",4
Callous Bloodmage,3
Colossus of the Blood Age,2
Dread Return,3
Let's Play a Game,1
Pest Summoning,4
Bred for the Hunt,4
Cabal Surgeon,4
Rousing Read,4
"Trystan, Callous Cultivator // Trystan, Penitent Culler",1
Unending Whisper,4
Stormchaser's Talent,1
Push the Limit,4
"Katara, Bending Prodigy",3
Deadlock Trap,3
Seer's Sundial,4
Phyrexian Lens,3
"Rowan, Scholar of Sparks Emblem",4
Red Priest of Yawgmoth,4
Thousand-Faced Shadow,3
God-Eternal Oketra,2
Frolicking Familiar // Blow Off Steam,1
Exhibition Tidecaller,4
Chainer's Torment,2
Sway of the Stars,4
Illuminate History,3
Revoke Demise,4
Crimestopper Sprite,3
Boreal Druid,4
Fend Off,1
"Taigam, Ojutai Master",4
The Many Deeds of Belzenlok,2
Rockslide Sorcerer,4
Twisted Justice,3
Archon of Cruelty,2
Aether Swooper,1
Mizzix's Mastery,2
Pointed Discussion,2
Diamond Weapon,1
Dreamdrinker Vampire,4
Groundbreaker,2
Phoenix Down,3
Fungal Plots,1
Eriette's Tempting Apple,4
Synapse Sliver,3
"Klaw, Sonic Subjugator",2
Giant Adephage,4
"Silverquill, the Disputant",2
Burlfist Oak,1
Boss's Chauffeur,4
Wheel of Misfortune,1
Divine Offering,3
Fangkeeper's Familiar,4
Erestor of the Council,1
Rowan's Grim Search,1
Graceful Takedown,4
Aggressive Urge,1
Unexplained Vision,2
Entropic Eidolon,2
The War in Heaven,4
Gluttonous Troll,1
"Tamiyo, Field Researcher",1
Daring Waverider,1
Benevolent Hydra,2
"Morska, Undersea Sleuth",2
Duelists' Convocation International,4
Scrivener,4
Twincast,2
Bruce Banner // The Incredible Hulk,1
Rolling Stones,1
2000 World Championships Ad,3
Scrib Nibblers,4
Descend upon the Sinful,3
Benalish Faithbonder,4
"Jeleva, Nephalia's Scourge",2
"Extus, Oriq Overlord // Awaken the Blood Avatar",3
Master Pakku,3
Scuttletide,4
Protect the Negotiators,2
Scout the City,4
Resentful Revelation,4
Ringwarden Owl,1
Rite of the Dragoncaller,3
A-Vivi Ornitier,1
Red and Black Legac,3
Merchant of Truth,3
Jushi Apprentice // Tomoya the Revealer,4
"Ovika, Enigma Goliath",1
"Chandra, the Firebrand",1
Svyelun of Sea and Sky,1
"Pirk, Heroic Captain",2
Birnin Zana Plaza,3
Scroll of Avacyn,1
Ominous Seas,3
Gandalf of the Secret Fire,3
Djinn Illuminatus,3
Territorial Dispute,1
Bounding Felidar,1
Opal Lake Gatekeepers,2
Respite,3
Rimefire Torque,1
Glorious Decay,1
Bag Check,1
Battle Mammoth,3
Etched Slith,2
"Egon, God of Death // Throne of Death",4
Fate Foretold,1
Shriekmaw,4
Mojave Desert,3
Case of the Uneaten Feast,1
Putrid Imp,4
Make Yourself Useful,2
Dark Heart of the Wood,2
Archivist of Gondor,4
Vampire Cutthroat,3
Soul Stair Expedition,1
Sigil Tracer,2
Eyes of the Watcher,1
Serpent of the Pass,4
Galedrifter // Waildrifter,1
Manakin and Millikin,3
A-Acererak the Archlich,2
"Minsc & Boo, Timeless Heroes",4
Gandalf's Sanction,1
Swarm Intelligence,4
"Quandrix, the Proof",1
"Suki, Kyoshi Warrior",4
Wheel of Fate,2
Day's Undoing,2
The Bus Runner,3
"Captain Marvel, Shooting Star",2
Draconic Intervention,2
Leave // Chance,2
Last Laugh,2
The Bloodsky Massacre,3
"Lutri, Pauper Otter",2
"Helmut Zemo, Mastermind",2
Anje's Ravager,3
Concord with the Kami,3
Spirit Summoning,3
Sylvan Scavenging,4
Tempting Contract,3
The Elder Dragon War,4
Firesong and Sunspeaker,4
Infernal Rebirth,2
Geistflame Reservoir,1
Lazotep Quarry,4
"Bonny Pall, Clearcutter",3
Contractual Safeguard,1
Krosan Warchief,1
Dark Intimations,4
"Viconia, Disciple of Blood",2
Blessed Defiance,3
The Fourteenth Doctor,3
"Bilbo, Retired Burglar",2
"Moku, Meandering Drummer",2
Sinkhole Surveyor,4
Morbius the Living Vampire,1
"Mu Yanling, Sky Dancer",4
Y'shtola Rhul,4
Righteous Valkyrie,1
The Council of Four,4
Phyrexian Reclamation,3
Masked Vandal,4
Noggle Ransacker,3
Gifts Ungiven,3
Otter,4
Stonewise Fortifier,4
Defiled Crypt // Cadaver Lab,3
Duskrider Falcon,2
Secluded Starforge,4
Biting Remark,4
Tenacious Tomeseeker,4
"Rinta, Cousin of Sitka",1
Lorehold Apprentice,3
"Mog, Moogle Warrior",3
Sunscorch Regent,2
A.I.M. Synthoids,1
Brimstone Roundup,2
Crocodile of the Crossing,2
Scute Swarm,3
Embodiment of Insight,4
Atraxa's Fall,4
Extract from Darkness,4
Zombie Infestation,4
Acorn Harvest,1
Stream of Unconsciousness,1
Echo of Eons,4
Lorehold Pledgemage,4
Magus of the Wheel,4
Scaled Nurturer,1
"Zimone, Quandrix Prodigy",4
Song of Blood,4
Jakub Šlemr Bio (1999),3
"Yuna, Grand Summoner",4
Staff of the Mind Magus,1
Serum-Core Chimera,1
Graveyard Trespasser // Graveyard Glutton,2
"Jerren, Corrupted Bishop // Ormendahl, the Corrupter",3
The Waffle Restaurant,1
Inspiring Commander,3
Animist's Awakening,4
Valkyrie Aerial Unit,1
Tor Wauki the Younger,4
"Radagast, Wizard of Wilds",2
Pact of Negation,2
Psychic Corrosion,4
"Veyran, Voice of Duality",1
Souls of the Faultless,4
Hoarder's Overflow,4
Howling Moon,3
"Silverquill, the Disputant",1
Needlebug,3
"Grist, Voracious Larva // Grist, the Plague Swarm",2
Merfolk Wizard,2
Keep Safe,2
Anoint with Affliction,3
"Suki, Courageous Rescuer",2
"Treebeard, Gracious Host",4
Serra Ascendant,1
Chainflinger,1
Kraul Foragers,4
"Danitha, Benalia's Hope",3
Gravpack Monoist,4
"Stella Lee, Wild Card",3
Protect the Negotiators,4
"Vikya, Scorching Stalwart",1
Gift of Paradise,3
Grave Venerations,2
Ophidian Eye,4
Blustering Barnyard,4
Settlement Blacksmith,3
Wingmate Roc,2
"Ori, Plate Stacker",4
Impromptu Raid,3
"Uro, Titan of Nature's Wrath",3
Blessed Sanctuary,2
Kimoyo Beads,3
Cackling Counterpart,4
"Wrexial, the Risen Deep",3
Black Tulip,3
Last Thoughts,4
The Fourth Doctor,4
Grave Birthing,4
Blood Researcher,2
"Risona, Asari Commander // Risona, Asari Commander",4
The Dogronmaster,1
Centaur Chieftain,4
"Odric, Blood-Cursed",2
Commune with Evil,4
Tithing Blade // Consuming Sepulcher,1
Fleshtaker,3
"Strategy, Schmategy",1
Rhystic Study,2
Chalice of Life // Chalice of Death,1
Universal Surveillance,4
Healer's Hawk,3
Leonin of the Lost Pride,1
Tamiyo's Epiphany,2
Resurrected Cultist,1
Vindictive Vampire,3
"Ajani, the Greathearted",3
Galazeth Prismari,1
Minion Reflector,3
Wary Watchdog,4
"Melek, Izzet Paragon",4
Nefashu,4
Carrot Cake,1
Quandrix Apprentice,1
Elixir,2
"Shu Yun, the Silent Tempest",4
Sphinx of Forgotten Lore,4
Flayed One,2
A-Symmetry Sage,3
Foul Emissary,4
Thallid Omnivore,1
Nirkana Cutthroat,2
Fiery Inscription,3
"Dion, Bahamut's Dominant // Dion, Bahamut's Dominant",3
Stun,3
Reaping the Rewards,1
Beck // Call,4
Vitu-Ghazi Inspector,3
Soul Stair Expedition,1
Izzet Locket,2
Implement of Improvement,2
Jace's Archivist,2
Dragon Mage,3
Izzet Steam Maze,4
Box of Free-Range Goblins,3
Wisdom of Ages,3
Frogmite,4
Saheeli's Directive,4
Dark Leo & Shredder,2
Invasion of Belenon // Belenon War Anthem,2
Abundant Maw,3
Gray Merchant of Alphabet,3
The Dawning Archaic,4
Molderhulk,3
Starwinder,2
Cult of Skaro,4
Knowledge Seeker,2
Fin Fang Foom,3
Airborne Aid,2
Sustenance,3
Hydra's Impenetrable Hide,2
Collective Brutality,3
Trostani's Judgment,4
Haunting Voyage,3
"Elsha, Threefold Master",2
Call the Mountain Chocobo,3
Kraven's Last Hunt,3
Dusk Urchins,1
Body Double // Body Double,1
Rings of Brighthearth,2
Court Cleric,1
Unmake the Graves,4
Archon of Redemption,2
"Gimbal, Gremlin Prodigy",2
"Baba Lysaga, Night Witch",3
Rite of Harmony,1
Mage-Ring Bully,4
Moan of the Unhallowed,4
Ominous Asylum,1
Silverwing Squadron,1
Discerning Taste,4
Whirlpool Rider,2
Nadier's Nightblade,3
Djinn of the Fountain,3
Return from the Wilds,1
Whispering Madness,4
Curator's Ward,4
"Bosco, Just a Bear",2
Angel of Invention,4
Goblin Dark-Dwellers,2
Geistblast,2
Balduvian Dead,1
Fevered Strength,2
Twinning Staff,3
Ransom Note,1
"Siani, Eye of the Storm",2
Stingcaster Mage,1
Infuse with Vitality,4
"Moseo, Vein's New Dean",2
Mocking Sprite,2
Mine Security,4
"Wasp, Shrinking Savior",4
"Imoen, Trickster Friend",1
Jace's Sanctum,1
Reckless Lackey,3
Third Path Iconoclast,2
Vindictive Flamestoker,1
Dual Casting,1
Asylum Visitor,3
Altar of Shadows,2
"Tamiyo, the Moon Sage",1
Feasting Troll King,2
Spellweaver Volute,4
Circuit Mender,4
A-Dreamshackle Geist,2
Bloodsoaked Altar,1
Tinker's Tote,2
Iridescent Vinelasher,2
Hildibrand Manderville // Gentleman's Rise,2
Timmerian Fiends,3
A-Cosmos Elixir,3
Chittering Skullspeaker,4
The Circle of Loyalty,1
Ingenious Mastery,3
Steelburr Champion,1
Hurska Sweet-Tooth,4
Colossus of the Blood Age,3
"Eris, Roar of the Storm",4
Ulamog's Nullifier,4
Roil Royale // Roil Royale (cont'd),2
Spore Swarm,4
Plague Drone,1
"Greta, Sweettooth Scourge",3
Karfell Harbinger,2
2000 World Championships Ad,1
Prosperity,4
Ajani Unrelenting,1
Match the Odds,1
Oft-Nabbed Goat,4
Bloodbraid Marauder,2
